Program,Provided NOFOs/Awards with Associated Grants,Core Project Count,Grant/Award Count,Earliest Project Start Date,Latest Project End Date,Earliest Fiscal Year,Latest Fiscal Year
ADMIRALStudyAdmixtureanalysisofacutelymphoblasticleukemiainAfricanAmericanchildren,1,1,4,2020,2023,2020,2022
AcquiredResistancetoTherapyNetworkARTNet,2,6,6,2017,2027,2022,2022
AllofUs,6,1848,3178,1981,2029,2018,2023
BarrettsEsophagusTranslationalResearchNetworkBETRNet,3,4,40,2011,2024,2011,2021
BrainTumorSPOREGrant,1,1,26,2002,2023,2002,2022
CANCERIMMUNEMONITORINGANDANALYSISCENTERS,2,4,8,2017,2028,2017,2023
CancerPreventionInterceptionTargetedAgentDiscoveryProgram,1,2,2,2022,2027,2022,2022
CellularCancerBiologyImagingResearch,1,4,8,2021,2026,2021,2023
FredHutchinsonCancerResearchCenterLungSPORE,1,1,6,2019,2024,2019,2023
FusionOncoproteinsinChildhoodCancersFusOnc2,2,9,16,2018,2024,2018,2022
SPORETargetedTherapiesforGlioma,1,1,13,2013,2024,2013,2022
SPOREinBladderCancer,1,1,5,2018,2024,2018,2022
SPOREinMyeloidMalignancies,1,1,6,2017,2023,2017,2021
SmallCellLungCancerSCLCConsortium,5,21,93,2017,2027,2017,2023
TheAdjuvantLungCancerEnrichmentMarkerIdentificationandSequencingTrialsALCHEMIST,3,3,69,1983,2025,2000,2023
TheEarlyDetectionResearchNetworkEDRN,7,32,148,2000,2027,2016,2023
TheMemorialSloanKetteringCancerCenterSPOREinLeukemia,1,1,3,2021,2026,2021,2023
TheUniversityofTexasMDAndersonCancerCenterSPOREinHepatocellularCarcinoma,1,1,4,2019,2024,2019,2022
VanderbiltIngramCancerCenterSPOREinGastrointestinalCancer,1,1,5,2019,2024,2019,2023
YaleSPOREinLungCancerYSILCTheBiologyandPersonalizedTreatmentofLungCancer,1,1,11,2015,2025,2015,2023
