accession,name,description,Parent study,Study Disease/Focus,Study Design,Study Markerset,Study Molecular Data Type,Study Content,Ancestry (computed),NIH Institute,Study Consent,Release Date,Embargo Release Date,Related Terms,Collections
"phs004213.v1.p1","HINTS Data Linkage Project 2024","The HINTS Data Linkage Project 2024 (HDLP 2024) contains HINTS 7 (2024; n 7,278) merged with several external variables to support analyzing linked data to enhance the types of analyses  and corresponding research questions that can be answered with HINTS data. The linking was done at both the census tract and county level using","Not Applicable","Health Communication","Cross-Sectional","Not Provided","Not Provided","1 phenotype datasets, 2 variables, 7278 subjects","","NCI","GRU --- General Research Use","2026-03-10","2026-03-10","Blastoma; CA; CA - Cancer; Cancer; MT; Malignancies",""
"phs004212.v1.p1","HINTS Geo-Coded Data 2011 (HINTS 4 Cycle 1)","The Health Information National Trends Survey (HINTS) is a nationally representative survey which has been administered every few years by the National Cancer Institute since 2003. HINTS 4 includes four  mail-mode data collection cycles over the course of three years. The first of these cycles (Cycle 1) was conducted from October 2011 through February","Not Applicable","Health Communication","Cross-Sectional","Not Provided","Not Provided","1 phenotype datasets, 2 variables, 3959 subjects","","NCI","GRU --- General Research Use","2026-03-10","2026-03-10","Blastoma; CA; CA - Cancer; Cancer; MT; Malignancies",""
"phs004208.v1.p1","HINTS Geo-Coded Data 2013 (HINTS 4 Cycle 3)","The Health Information National Trends Survey (HINTS) is a nationally representative survey which has been administered every few years by the National Cancer Institute since 2003. HINTS 4 includes four  mail-mode data collection cycles over the course of three years. The third of these cycles (Cycle 3) was conducted from September 2013 through","Not Applicable","Health Communication","Cross-Sectional","Not Provided","Not Provided","1 phenotype datasets, 2 variables, 3185 subjects","","NCI","GRU --- General Research Use","2026-03-10","2026-03-10","Blastoma; CA; CA - Cancer; Cancer; MT; Malignancies",""
"phs004207.v1.p1","HINTS Geo-Coded Data 2012 (HINTS 4 Cycle 2)","The Health Information National Trends Survey (HINTS) is a nationally representative survey which has been administered every few years by the National Cancer Institute since 2003. HINTS 4 includes four  mail-mode data collection cycles over the course of three years. The second of these cycles (Cycle 2) was conducted from October 2012 through January","Not Applicable","Health Communication","Cross-Sectional","Not Provided","Not Provided","1 phenotype datasets, 2 variables, 3630 subjects","","NCI","GRU --- General Research Use","2026-03-10","2026-03-10","Blastoma; CA; CA - Cancer; Cancer; MT; Malignancies",""
"phs004210.v1.p1","HINTS Geo-Coded Data 2017 (HINTS 5 Cycle 1)","The Health Information National Trends Survey (HINTS) is a nationally representative survey which has been administered every few years by the National Cancer Institute since 2003. HINTS 5 includes four  data collection cycles over the course of four years. The first round of data collection for HINTS 5 (Cycle 1) was conducted from January 25 through","Not Applicable","Health Communication","Cross-Sectional","Not Provided","Not Provided","1 phenotype datasets, 2 variables, 3285 subjects","","NCI","GRU --- General Research Use","2026-03-09","2026-03-09","Blastoma; CA; CA - Cancer; Cancer; MT; Malignancies",""
"phs004209.v1.p1","HINTS Geo-Coded Data 2014 (HINTS 4 Cycle 4)","The Health Information National Trends Survey (HINTS) is a nationally representative survey which has been administered every few years by the National Cancer Institute since 2003. HINTS 4 includes four  mail-mode data collection cycles over the course of three years. Cycle 4 was conducted from August 19 through November 17, 2014. Cycle 4","Not Applicable","Health Communication","Cross-Sectional","Not Provided","Not Provided","1 phenotype datasets, 2 variables, 3677 subjects","","NCI","GRU --- General Research Use","2026-03-09","2026-03-09","Blastoma; CA; CA - Cancer; Cancer; MT; Malignancies",""
"phs004222.v1.p1","Childhood Cancer Data Initiative (CCDI): Admixture Analysis of Acute    Lymphoblastic Leukemia in African American Children: The ADMIRAL Study","Children with substantial African ancestry are observed to have less than half the incidence of B-cell acute lymphoblastic leukemia (B-ALL) than children of other continental ancestries. The Admixture Analysis of  Acute Lymphoblastic Leukemia in African American Children study (ADMIRAL) was designed to investigate genes and loci that explain the unique risk","Not Applicable","Precursor B-Cell Lymphoblastic Leukemia-Lymphoma","Case-Control","Not Provided","Not Provided","2 phenotype datasets, 7 variables, 1232 subjects, 1232 samples","","NCI","GRU --- General Research Use","2026-02-13","2026-02-13","Leukemia, Pre B Cell; Leukemia, Pre-B-Cell; Leukemias, Pre-B-Cell; Pre B ALL; Pre B Cell Leukemia; Pre B-ALL",""
"phs003450.v1.p1","Correlative Studies in Protocol E4412, which Studied Combinations of    Ipilimumab, Nivolumab and Brentuximab Vedotin in Patients with    Relapsed/Refractory Hodgkin Lymphoma, in Collaboration with CIMAC-CIDC","Background Recognising that the immune suppressive microenvironment promotes tumour growth in Hodgkin lymphoma, we hypothesised that activating immunity might augment the activity of targeted chemotherapy. We evaluated the safety and  activity of combinations of brentuximab vedotin with nivolumab or ipilimumab, or both in patients with relapsed or refractory Hodgkin lymphoma.","Not Applicable","Hodgkin Disease","Clinical Trial","Not Provided","Not Provided","2 phenotype datasets, 5 variables, 54 subjects, 611 samples","","NCI","GRU-COL --- General Research Use (COL)","2026-02-13","2026-02-13","Hodgkin Lymphoma; CHL; Classic Hodgkin disease; Disease, Hodgkin; Disease, Hodgkin's; Disease, Hodgkins",""
"phs002162.v3.p1","Kids First: Genetics of Kidney and Urinary Tract Malformations","Congenital defects of the kidney and urinary tract are a common cause of kidney failure in children and adults and elucidation of the genetics of these disorders will provide new  opportunities for diagnosis, risk stratification and prevention of complications. Around 550 trios were selected for whole genome sequencing as part","Not Applicable","Renal Adysplasia","Family/Twin/Trios","Not Provided","Not Provided","2 phenotype datasets, 4 variables, 1667 subjects, 1673 samples","","NCI","GRU --- General Research Use","2026-02-11","2020-11-25","Hydronephrosis; Vesicoureteral Reflux; Hydronephroses; HEREDITARY RENAL APLASIA; HRA; RENAL AGENESIS","NCI's Collection of Datasets for General Research Use (phs003014.v1.p1)"
"phs004306.v1.p1","Kids First: Genomic Analysis of Pediatric Rhabdomyosarcoma","The Gabriella Miller Kids First Pediatric Research Program (Kids First) is a trans-NIH effort initiated in response to the 2014 Gabriella Miller Kids First Research Act and supported by the  NIH Common Fund. This program focuses on gene discovery in pediatric cancers and structural birth defects and the development of the Gabriella Miller","Not Applicable","Rhabdomyosarcoma","Case Set","Not Provided","Not Provided","2 phenotype datasets, 4 variables, 1688 subjects, 2899 samples","","NCI","GRU --- General Research Use","2026-02-06","2026-02-06","Not Provided","dbGaP Collection: Compilation of Individual-Level Genomic Data for    General Research Use (phs000688.v1.p1)"
"phs004225.v1.p1","Radiology Imaging Data Containing Faces from The Cancer Imaging Archive","Effective January 6, 2022, all radiology datasets containing images that could be used to reconstruct a 3D volume resembling a human face were put behind a controlled-access request system to  mitigate potential re-identification risks emerging from advances in facial recognition tools. Inclusion Criteria: Radiology images that could","Not Applicable","Radiology","Collection","Not Provided","Not Provided","1 phenotype datasets, 2 variables, 9605 subjects","","NCI","GRU --- General Research Use","2026-01-16","2026-01-16","Blastoma; CA; CA - Cancer; Cancer; MT; Malignancies",""
"phs003975.v1.p1","Childhood Cancer Data Initiative (CCDI): Metastatic Osteosarcoma Spatial    Profiling","This study contains spatial transcriptional profiling of metastatic osteosarcoma specimens using the Visium platform. This work was done as part of the Childhood Cancer Data Initiative (CCDI). Note for data  in NCI's Data Commons Framework: For the CCDI studies, dbGaP maintains a list of subject IDs, sample IDs, consents, and the data is hosted in the NCI","Not Applicable","Osteosarcoma","Case Set","Not Provided","Not Provided","2 phenotype datasets, 5 variables, 8 subjects, 10 samples","","NCI","DS-PACA-IRB-PUB-COL-NPU-MDS --- Disease-Specific (Pancreatic Cancer, IRB, PUB, COL, NPU, MDS)","2026-01-14","2026-01-14","Bone cell cancer; OSRC; OSTEOSARCOMA; Osteoblastic osteosarcoma; Osteoblastic sarcoma; Osteochondrosarcoma",""
"phs002371.v9.p2","Human Tumor Atlas Network (HTAN)","An NCI-funded Cancer Moonshot initiative to construct 3-dimensional atlases of the dynamic cellular, morphological, and molecular features of human cancers as they evolve from precancerous lesions to advanced disease. Note:  All data, including raw sequencing and imaging files, biospecimen data, clinical data and downstream analysis files related to this study","Not Applicable","Neoplasms","Collection","Not Provided","Not Provided","2 phenotype datasets, 6 variables, 1894 subjects, 6178 samples","","NCI","GRU --- General Research Use, HMB --- Health/Medical/Biomedical","2026-01-09","2022-05-27","Adenomatous Polyposis Coli; Lung Neoplasms; Skin Neoplasms; ADENOMATOUS POLYPOSIS OF THE COLON; APC; APC - Adenomatous Polyposis Coli","NCI's Collection of Datasets for General Research Use (phs003014.v1.p1); NCI's Collection of Datasets for Pediatric and Adolescent and Young    Adults Research (phs003964.v2.p2)"
"phs002187.v2.p1","Gabriella Miller Kids First Pediatric Research Program in Germline and    Somatic Variants in Myeloid Malignancies in Children","This project aims to sequence an unparalleled number of cases of de novo Acute Myeloid Leukemia (AML) and Down Syndrome AML (DS-AML), to establish a database comprised of genomic and  transcriptome information which can be interrogated for both somatic and germline variants. Identification of the somatic variants will provide","Not Applicable","Leukemia, Myeloid, Acute","Tumor vs. Matched-Normal","Not Provided","Not Provided","2 phenotype datasets, 6 variables, 1441 subjects, 3712 samples","","NCI","GRU --- General Research Use","2026-01-08","2021-09-17","Leukemia, Promyelocytic, Acute; AML; AML - Acute Myeloid Leukemia; AML - Acute myeloblastic leukemia; AML - acute myeloid leukaemia; AML adult","NCI's Collection of Datasets for Pediatric and Adolescent and Young    Adults Research (phs003964.v2.p2)"
"phs001228.v3.p2","Gabriella Miller Kids First (GMKF) Pediatric Research Program in    Susceptibility to Ewing Sarcoma Based on Germline Risk and Familial    History of Cancer","Ewing sarcoma (EWS) is a deadly bone cancer that occurs in children and adolescents. Mounting evidence suggests that a genetic predisposition exists for this pediatric cancer, although the specific genetic  contribution has yet to be identified. EWS has never been linked to a specific cancer predisposition syndrome, although several case reports have","Not Applicable","Sarcoma, Ewing","Family/Twin/Trios","Not Provided","Not Provided","2 phenotype datasets, 4 variables, 1332 subjects, 1505 samples","","NCI","GRU --- General Research Use","2025-12-16","2018-06-18","Blastoma; CA; CA - Cancer; Cancer; MT; Malignancies","NCI's Collection of Datasets for General Research Use (phs003014.v1.p1); NCI's Collection of Datasets for Pediatric and Adolescent and Young    Adults Research (phs003964.v2.p2)"
"phs004178.v1.p1","NCI COVID-19 in Cancer Patients Study (NCCAPS): A Longitudinal Natural    History Study","NCCAPS is a longitudinal prospective cohort study designed to assess patient, disease and treatment factors associated with short- and long-term outcomes in patients with cancer who develop COVID-19. We also  aimed to describe COVID-19 symptoms and treatments, and to describe disruptions in cancer treatment due to COVID-19. The study enrolled patients","Not Applicable","COVID-19","Prospective Longitudinal Cohort","Not Provided","Not Provided","2 phenotype datasets, 5 variables, 1572 subjects, 1572 samples","","NCI","GRU --- General Research Use","2025-11-17","2025-11-17","2019 Novel Coronavirus Disease; 2019 Novel Coronavirus Infection; 2019 nCoV Disease; 2019 nCoV Infection; 2019 novel coronavirus; 2019-nCoV",""
"phs004065.v1.p1","Health Information National Trends Survey-SEER (HINTS-SEER)","HINTS-SEER is a cross-sectional survey that sampled cancer survivors from three different SEER cancer registries. Sampling frames of survivors from each registry were stratified by time since diagnosis and race/ethnicity,  with non-malignant tumors and non-melanoma skin cancers excluded. Respondents who consented completed a self-administered questionnaire sent through","Not Applicable","Health Communication","Cross-Sectional","Not Provided","Not Provided","1 phenotype datasets, 2 variables, 1234 subjects","","NCI","GRU --- General Research Use","2025-09-12","2025-09-12","Blastoma; CA; CA - Cancer; Cancer; MT; Malignancies",""
"phs003215.v1.p1","Childhood Cancer Data Initiative (CCDI): Texas Pediatric Patient Derived    Xenograft&#x000a0;","The DNA/RNA samples of patients for which PDX models were developed were from a population of children, adolescents, and young adults from South Texas. Consent was obtained for collection of  malignant and non-malignant tissue samples for genetic analysis and for the development of models to study new ways to treat cancer. For additional","Not Applicable","Precursor B-Cell Lymphoblastic Leukemia-Lymphoma","Xenograft","Not Provided","Not Provided","2 phenotype datasets, 5 variables, 51 subjects, 362 samples","","NCI","HMB --- Health/Medical/Biomedical","2025-09-12","2025-09-12","Hepatoblastoma; Precursor T-Cell Lymphoblastic Leukemia-Lymphoma; AML; AML - Acute Myeloid Leukemia; AML - Acute myeloblastic leukemia; AML - acute myeloid leukaemia","NCI's Collection of Datasets for Health, Medical, and Biomedical Research    Purposes (phs003044.v1.p1)"
"phs002790.v9.p3","Childhood Cancer Data Initiative (CCDI): Molecular Characterization    Initiative","The National Cancer Institute's (NCI) Childhood Cancer Data Initiative (CCDI) focuses on the critical need to collect, analyze, and share data to address the burden of cancer in children, adolescents,  and young adults (AYAs). The Molecular Characterization Initiative (MCI) will further the CCDI's goals by providing access to better diagnostic tests","Not Applicable","Neoplasms","Tumor vs. Matched-Normal","Not Provided","OTHER, RNA-Seq, WXS","2 phenotype datasets, 5 variables, 7356 samples sequenced, 5516 subjects, 15622 samples","","NCI","GRU --- General Research Use","2025-09-10","2022-11-03","Sarcoma; Blastoma; CA; CA - Cancer; Cancer; MT","NCI's Collection of Datasets for Pediatric and Adolescent and Young    Adults Research (phs003964.v2.p2)"
"phs002883.v1.p1","Childhood Cancer Data Initiative (CCDI): NCI-COG Pediatric MATCH    Precision Medicine Clinical Trial","The National Cancer Institute-Children's Oncology Group (NCI-COG) Pediatric Molecular Analysis for Therapy Choice (MATCH) trial provides a framework for biomarker-driven early phase trials of targeted therapies in pediatric and young  adult cancer patients across the United States. Pediatric MATCH enrolled more than 1,300 patients with treatment-refractory cancers, offering access","Not Applicable","Neoplasms","Tumor vs. Matched-Normal","Not Provided","Not Provided","2 phenotype datasets, 9 variables, 1239 subjects, 6219 samples","","NCI","GRU --- General Research Use","2025-06-27","2025-06-27","Sarcoma; Brain Neoplasms; Brain Tumor; Brain Tumors; Brain neoplasm; Brain tumour","dbGaP Collection: Compilation of Individual-Level Genomic Data for    General Research Use (phs000688.v1.p1)"
"phs003291.v1.p1","Immune Checkpoint Blockade for Relapsed Hematologic Malignancy Post-HSCT","Relapse after allogeneic hematopoietic stem cell transplantation (HSCT) is characterized by poor outcomes and novel therapeutic options are urgently needed. Immune checkpoint blockade using CTLA-4 and PD-1 blocking antibodies are  a potential concept for reinstating a dormant graft-versus-leukemia (Gvl) effect. This study investigated transcriptomic changes in biopsies obtained","Not Applicable","CTLA-4 Antigen","Clinical Trial","Not Provided","Not Provided","2 phenotype datasets, 5 variables, 36 subjects, 78 samples","","NCI","GRU --- General Research Use","2025-06-13","2025-06-13","Relapse; HEMOLYMPHORETICULAR tumor, malignant; Hematopoietic Malignancies; Hematopoietic Malignancy; Hematopoietic Neoplasm; Hematopoietic Neoplasms Including Lymphomas",""
"phs003160.v1.p1","Childhood Cancer Data Initiative (CCDI): Pediatric In Vivo Testing    Program &#x02013;Sarcoma, Kidney, and Liver Cancers","The goal was to complete whole exome sequencing (WES) and RNA sequencing (RNA-Seq) on patient derived xenograft samples. Cancer in children is rare with approximately 15,700 new cases diagnosed annually  in children 21 years or younger in the U.S. Through use of multimodality therapy (surgery, radiation therapy, and aggressive chemotherapy), 70","Not Applicable","Pediatric cancer","Xenograft","Not Provided","Not Provided","2 phenotype datasets, 5 variables, 53 subjects, 370 samples","","NCI","GRU --- General Research Use","2025-05-27","2025-05-27","Chordoma; Hepatoblastoma; Rhabdoid Tumor; Cellular Ependymoma; Clear Cell Ependymoma; Astrocytoma, Grade IV",""
"phs001110.v4.p1","Kids First: Pediatric Research Project on the Genomic Analysis of    Congenital Diaphragmatic Hernia","The Gabriella Miller Kids First Pediatric Research Program (Kids First) is a trans-NIH effort initiated in response to the 2014 Gabriella Miller Kids First Research Act and supported by the  NIH Common Fund. This program focuses on gene discovery in pediatric cancers and structural birth defects and the development of the Gabriella Miller","Not Applicable","Hernias, Diaphragmatic, Congenital","Family/Twin/Trios","WGS_markerset_grc37","CNV Genotypes, SNP Genotypes (NGS), WGS","5 phenotype datasets, 27 variables, 1 molecular datasets, 594 samples sequenced, 3968 subjects, 4470 samples","","NCI","GRU --- General Research Use","2025-05-16","2017-05-25","Agenesis of Hemidiaphragm; CDH; CDH - Congenital diaphragmatic hernia; Congenital Diaphragmatic Defect; Congenital Diaphragmatic Defects; Congenital Diaphragmatic Hernia","NCI's Collection of Datasets for General Research Use (phs003014.v1.p1)"
"phs003161.v1.p1","Childhood Cancer Data Initiative (CCDI): Pediatric In Vivo Testing    Program &#x02013; Sarcomas and other Solid Tumors","The primary goal of this project involves the comprehensive molecular profiling of patient-derived xenograft (PDX) mouse tumor models. Molecular profiling of each PDX model will include whole exome sequencing (WES),  RNAseq, MethylEPIC arrays, CytoSNP array, and DNA fingerprint for quality control. Limited clinical demographic data (e.g. diagnosis, disease site","Not Applicable","Heterografts","Xenograft","Not Provided","AMPLICON","2 phenotype datasets, 5 variables, 185 samples sequenced, 175 subjects, 883 samples","","NCI","GRU --- General Research Use","2025-04-25","2025-04-25","Desmoplastic Small Round Cell Tumor; Hepatoblastoma; Pleuropulmonary blastoma; Rhabdoid Tumor; Sarcoma; Synovial Sarcoma",""
"phs002504.v3.p2","UCSF Database for the Advancement of JMML - Integration of Metadata with    Omic Data","Juvenile myelomonocytic leukemia (JMML) is a rare and frequently fatal myeloproliferative/myelodysplastic disorder of early childhood with an estimated incidence of 1.2 cases per million. It is associated with a spectrum  of diverse outcomes ranging from spontaneous resolution in rare patients to transformation to acute myeloid leukemia in others. The overwhelming","Not Applicable","Leukemia, Myelomonocytic, Juvenile","Collection","Not Provided","AMPLICON, Bisulfite-Seq, RNA-Seq, WGA, WXS","2 phenotype datasets, 5 variables, 283 samples sequenced, 220 subjects, 438 samples","","NCI","GRU --- General Research Use","2025-04-10","2022-08-05","Neurofibromatosis 1; JCML; JCML - Juvenile chronic myeloid leukemia; JMML; Juvenile Chronic Myelogenous Leukemia; Juvenile Myelomonocytic Leukemias",""
"phs002529.v2.p1","Childhood Cancer Data Initiative (CCDI): Comprehensive Genomic Sequencing    of Pediatric Cancer Cases (CMRI/KUCC)","This study provides paired tumor normal genomic sequencing data from 200 children with cancer, including both solid tumors and leukemias, done by the Children's Mercy Research Institute (CMRI) and University  of Kansas Cancer Center (KUCC). These data include whole genome sequencing (generally, 20x), whole exome sequencing (generally, 300x), bulk RNA","Not Applicable","Whole Genome Sequencing","Tumor vs. Matched-Normal","Not Provided","ATAC-seq, RNA-Seq, WGS, WXS","2 phenotype datasets, 5 variables, 372 samples sequenced, 200 subjects, 392 samples","","NCI","DS-CA --- Disease-Specific (Cancer)","2025-04-04","2023-02-28","Blood (Leukemia); Blood cancer; Leucocythaemia; Leucocythaemias; Leucocythemia; Leucocythemias","NCI's Collection of Datasets for Pediatric and Adolescent and Young    Adults Research (phs003964.v2.p2)"
"phs003295.v1.p1","Durvalumab Plus Tremelimumab Alone or in Combination with Low-Dose or    Hypofractionated Radiotherapy in Metastatic Non-Small-Cell Lung Cancer    Refractory to Previous PD(L)-1 Therapy: an Open-Label, Multicentre,    Randomised, Phase 2 Trial","Brief Summary This randomized phase II trial studies the side effects of durvalumab and tremelimumab and to see how well they work with or without high or low-dose radiation therapy  in treating patients with colorectal or non-small cell lung cancer that has spread to other parts of the body (metastatic). Immunotherapy","Not Applicable","Immunotherapy","Clinical Trial","Not Provided","Not Provided","3 phenotype datasets, 11 variables, 76 subjects, 579 samples","","NCI","DS-CA --- Disease-Specific (Cancer)","2025-03-28","2025-03-28","Not Provided",""
"phs003294.v1.p1","A Randomized Trial of Combined PD-L1 and CTLA-4 Inhibition with Targeted    Low-Dose or Hypofractionated Radiation for Patients with Metastatic    Colorectal Cancer","Brief Summary This randomized phase II trial studies the side effects of durvalumab and tremelimumab to see how well they work with or without high or low-dose radiation therapy in  treating patients with colorectal (CRC) or non-small cell lung cancer (NSCLC) that has spread to other parts of the body (metastatic). Immunotherapy","Not Applicable","Immunotherapy","Clinical Trial","Not Provided","Not Provided","3 phenotype datasets, 11 variables, 19 subjects, 133 samples","","NCI","DS-CA --- Disease-Specific (Cancer)","2025-03-28","2025-03-28","Not Provided",""
"phs002192.v5.p2","Cancer Moonshot Biobank","The National Cancer Institute initiated the Cancer Moonshot Biobank to accelerate research through the collection and distribution of biospecimens for key research efforts. The Biobank will engage with over one  thousand cancer patients, being treated with standard-of-care therapies, for longitudinal biospecimen and data collection. Cancer patients","Not Applicable","Neoplasms","Case Set","custom_markerset","SNP/CNV Genotypes (NGS)","33 phenotype datasets, 420 variables, 2 documents, 2 molecular datasets, 503 subjects, 2305 samples","","NCI","GRU --- General Research Use","2025-03-12","2025-01-08","Lung Neoplasms; AML; AML - Acute Myeloid Leukemia; AML - Acute myeloblastic leukemia; AML - acute myeloid leukaemia; AML adult","NCI's Collection of Datasets for Pediatric and Adolescent and Young    Adults Research (phs003964.v2.p2)"
"phs002293.v1.p1","MP2PRT: Genomic and Molecular Characterization of Biomarkers Associated    with Tumor Angiogenesis, DNA Repair, and Immunologic Tolerance using    Samples from the NRG Oncology Phase 3 Randomized Trial, GOG-0240    (NCT00803062)","The Molecular Profiling to Predict Response to Treatment (MP2PRT) program is part of the NCI's Cancer Moonshot Initiative. The aim of this program is the retrospective characterization and analysis of  biospecimens collected from completed NCI-sponsored trials of the National Clinical Trials Network and the NCI Community Oncology Research Program.","Not Applicable","Uterine Cervical Neoplasms","Tumor vs. Matched-Normal","Not Provided","Not Provided","2 phenotype datasets, 5 variables, 182 subjects, 481 samples","","NCI","GRU-COL --- General Research Use (COL)","2025-02-25","2025-02-25","Cervical Neoplasm, Uterine; Cervical Neoplasms; Cervical Tumor; Cervical neoplasm; Cervix Neoplasm; Cervix Neoplasms",""
"phs003163.v1.p1","Childhood Cancer Data Initiative (CCDI): Pediatric In Vivo Testing    Program - Neuroblastoma","The goal of NCI's Pediatric In Vivo Testing Consortium (PIVOT) is to advance the development of effective treatments for pediatric cancers through preclinical in vivo testing of novel therapeutic agents.  To design impactful experiments that can be rapidly translated to the clinic, PIVOT investigators require comprehensive genomic characterization","Not Applicable","Neuroblastoma","Xenograft","Not Provided","Not Provided","2 phenotype datasets, 5 variables, 36 subjects, 250 samples","","NCI","GRU --- General Research Use","2025-02-19","2025-02-19","Not Provided",""
"phs003292.v1.p1","Ipilimumab plus Decitabine for Patients with MDS or AML in    Post-Transplant or Transplant Na&#x000ef;ve Settings","Design and Aims This study was a phase 1 clinical trial investigating the combination of ipilimumab (IPI), a CTLA-4 checkpoint inhibitor, and decitabine (DEC), a hypomethylating agent, for treating relapsed/refractory  (R/R) myelodysplastic syndromes (MDS) and acute myeloid leukemia (AML). The goal was to determine whether DEC could enhance the immune response","Not Applicable","Immunotherapy","Clinical Trial","Not Provided","Not Provided","2 phenotype datasets, 5 variables, 48 subjects, 687 samples","","NCI","HMB --- Health/Medical/Biomedical","2025-02-11","2025-02-11","Not Provided",""
"phs003164.v2.p1","Childhood Cancer Data Initiative (CCDI): CCDI Pediatric In Vivo Testing    Program - Leukemia","The goal of this study is to molecularly characterize a large panel of pediatric acute lymphoblastic leukemia (ALL) patient-derived xenografts (PDXs) previously established in immune-deficient mice. These PDXs are utilized  as part of the NCI-funded Pediatric Preclinical In vivo Testing (PIVOT) program to identify novel agents and combinations. Biospecimen data include","Not Applicable","Pediatrics","Xenograft","Not Provided","Not Provided","2 phenotype datasets, 5 variables, 40 subjects, 158 samples","","NCI","GRU --- General Research Use","2025-02-07","2024-05-21","Leukemia, Biphenotypic, Acute; Precursor Cell Lymphoblastic Leukemia-Lymphoma; Acute Biphenotypic Leukemia; Acute Biphenotypic Leukemias; Acute Leukemia, Biphenotypic; Acute Leukemia, Hybrid","NCI's Collection of Datasets for Pediatric and Adolescent and Young    Adults Research (phs003964.v2.p2)"
"phs002517.v4.p2","Childhood Cancer Data Initiative (CCDI): Molecular Characterization    across Pediatric Brain Tumors and Other Solid and Hematologic    Malignancies for Research, Diagnostic, and Precision Medicine","This study contains tumor and germline WGS, RNA-Seq, Clinical Panel Sequencing, and other omics and molecular data for patients with pediatric brain tumors and other solid and hematologic malignancies. This  data has been collected from multiple organizations including the multi-institute Children's Brain Tumor Network (CBTN), the Pacific Pediatric","Not Applicable","Brain Neoplasms","Tumor vs. Matched-Normal","Not Provided","RNA-Seq, Targeted-Capture, WGS, WXS, miRNA-Seq","2 phenotype datasets, 5 variables, 8455 samples sequenced, 3960 subjects, 9082 samples","","NCI","GRU --- General Research Use","2024-10-07","2023-05-12","Brain Tumor; Brain Tumors; Brain neoplasm; Brain tumour; Neoplasm of Brain; Neoplasm of the Brain","NCI's Collection of Datasets for Pediatric and Adolescent and Young    Adults Research (phs003964.v2.p2)"
"phs002366.v2.p2","Lung Cancer Genetic Study Among Asian Never Smokers","The Lung Cancer Genetic Study Among Asian Never Smokers includes data from four population-based studies conducted among Asian women: the Shanghai Women's Health Study (SWHS), the Hwasun Cancer Epidemiology Study  (HCES1 and HCES2), the Female Lung Cancer Consortium in Asia (FLCCA, including sFLCA), and the Guangzhou Lung Cancer Study (GLCS). Shanghai Women","Not Applicable","Lung Neoplasms","Case-Control","WES_markerset_grc37, MEGA_Consortium_Array","SNP Genotypes (Array), SNP/CNV Genotypes (NGS), WXS","4 phenotype datasets, 17 variables, 2 molecular datasets, 1195 samples sequenced, 8310 subjects, 8369 samples","","NCI","HMB-PUB-NPU --- Health/Medical/Biomedical (PUB, NPU), HMB-PUB --- Health/Medical/Biomedical (PUB), DS-LC --- Disease-Specific (Lung Cancer), GRU-NPU --- General Research Use (NPU)","2024-08-13","2024-08-13","Lung Tumor; Lung cancer; Lung neoplasm; Lung tumour; Neoplasm of Lung; Neoplasm of the Lung",""
"phs001524.v3.p2","The Genetic Basis of Aggressive Prostate Cancer, The Role of Rare    Variation","In this study, we will apply a multi-staged approach to reveal genes harboring rare variants that are associated with aggressive PCa. Whole-exome sequencing (Aim 1a) of 2,774 aggressive cases and  2,776 non-aggressive cases of European ancestry will be conducted followed by rare variant analysis of single sites and gene burden testing","Not Applicable","Prostatic Neoplasms","Case Set","WES_markerset_grc37","SNP/CNV Genotypes (NGS), Targeted-Capture, WXS","4 phenotype datasets, 29 variables, 3 molecular datasets, 21898 samples sequenced, 21745 subjects, 21898 samples","","NCI","GRU --- General Research Use, DS-PC-MDS --- Disease-Specific (Prostate Cancer, MDS), CADM --- Cancer in all age groups, other diseases in adults only, and methods, DS-CA-PUB --- Disease-Specific (Cancer, PUB), HMB-PUB --- Health/Medical/Biomedical (PUB), DS-PC --- Disease-Specific (Prostate Cancer), MHNSI-MDS --- Men's Health and Nutrition in Serious Illnesses (MDS), DS-CA-NPU-GSO --- Disease-Specific (Cancer, NPU, GSO), DS-PC-NPU-MDS --- Disease-Specific (Prostate Cancer, NPU, MDS)","2024-08-12","2024-08-12","NGP - New growth of prostate; Neoplasm of Prostate; Neoplasm of the Prostate; Neoplasm, Prostate; Neoplasm, Prostatic; Neoplasms, Prostate",""
"phs003519.v1.p1","Childhood Cancer Data Initiative (CCDI): Single-Cell Atlas of NF1 Nerve    Sheath Tumors","The worst outcome of NF1 is the development of the aggressive and highly metastatic malignant peripheral nerve sheath tumors (MPNST), which transform from benign plexiform neurofibroma (PN) and lack effective  treatment. In this study, we performed single-cell RNA sequencing of 63 clinically annotated NF1-associated peripheral nerve sheath tumors, including","Not Applicable","Rare Diseases","Prospective Longitudinal Cohort","Not Provided","Not Provided","2 phenotype datasets, 5 variables, 29 subjects, 55 samples","","NCI","GRU --- General Research Use","2024-07-22","2024-07-22","Neurofibromatosis 1; Rare Disease; Blastoma; CA; CA - Cancer; Cancer","NCI's Collection of Datasets for Pediatric and Adolescent and Young    Adults Research (phs003964.v2.p2)"
"phs003455.v1.p1","Correlative Studies for Protocol #14-C-0059: T Cells Expressing an    Anti-GD2 Chimeric Antigen Receptor in Patients with GD2+ Solid Tumors,    a Collaboration with CIMAC-CIDC","This study is a retrospective correlative analysis of immune cell phenotypes in samples from a Phase I clinical trial (NCT02107963) of GD2 CAR-T cells (GD2-CAR.OX40.28.z.iC9) in children and young adults  with osteosarcoma and neuroblastoma. The study was a 3+3 dose-escalation study with four dose levels (1 x 10(5) transduced T cells/kg; 1 x 106","Not Applicable","Osteosarcoma","Clinical Trial","Not Provided","Not Provided","3 phenotype datasets, 12 variables, 15 subjects, 103 samples","","NCI","GRU-PUB-COL --- General Research Use (PUB, COL)","2024-06-28","2024-06-28","Blastoma; CA; CA - Cancer; Cancer; MT; Malignancies",""
"phs003432.v1.p1","Childhood Cancer Data Initiative (CCDI): Identification and Targeting of    Treatment Resistant Progenitor Populations in T-cell Acute    Lymphoblastic Leukemia","Our goal with this study was to identify the mechanisms of treatment resistance in T-cell acute lymphoblastic leukemia (ALL) using single-cell genomics. We profiled 40 T-ALL cases from the Children's  Oncology Group AALL0434 clinical trial using CITE-seq/snATAC-seq, capturing a breadth of immunophenotypes, including early T-cell precursor (ETP","Not Applicable","Pediatrics","Case Set","Not Provided","ATAC-seq, RNA-Seq","2 phenotype datasets, 5 variables, 43 samples sequenced, 43 subjects, 43 samples","","NCI","GRU --- General Research Use","2024-06-12","2024-06-12","Precursor T-Cell Lymphoblastic Leukemia-Lymphoma; Blastoma; CA; CA - Cancer; Cancer; MT","NCI's Collection of Datasets for Pediatric and Adolescent and Young    Adults Research (phs003964.v2.p2)"
"phs002431.v1.p1","Childhood Cancer Data Initiative (CCDI): Enhancement of Data Sharing in    Pediatric, Adolescent and Young Adult Cancers","NCI's Childhood Cancer Data Initiative (CCDI) is building a community centered around childhood cancer care and research data. Through enhanced data sharing, we can improve our understanding of cancer biology  to improve preventive measures, treatment, quality of life, and survivorship, as well as ensure that researchers learn from every child with cancer.","Not Applicable","Neoplasms","Clinical Genetic Testing","Not Provided","Not Provided","2 phenotype datasets, 7 variables, 611 subjects, 1448 samples","","NCI","HMB --- Health/Medical/Biomedical","2024-04-23","2024-04-23","Blastoma; CA; CA - Cancer; Cancer; MT; Malignancies","NCI's Collection of Datasets for Pediatric and Adolescent and Young    Adults Research (phs003964.v2.p2)"
"phs002677.v1.p1","Childhood Cancer Data Initiative (CCDI): Integrating Longitudinal    Clinical, Sociodemographic and Genomic Data into the NCCR","The goal of this study is to contribute clinical and genomic data from a large institutional cohort of pediatric cancer patients who had tumor genomic profiling between 2013 and 2019  at Dana-Farber/Boston Children's Hospital Cancer and Blood Disorders Center. Clinical data include demographics, diagnosis (classified according","Not Applicable","Pediatrics","Prospective Longitudinal Cohort","Not Provided","Not Provided","2 phenotype datasets, 5 variables, 835 subjects, 835 samples","","NCI","HMB --- Health/Medical/Biomedical","2024-04-16","2024-04-16","Rare Diseases; Sarcoma, Ewing; Brain Neoplasms; Brain Tumor; Brain Tumors; Brain neoplasm","NCI's Collection of Datasets for Pediatric and Adolescent and Young    Adults Research (phs003964.v2.p2)"
"phs001437.v2.p1","Pediatric Preclinical Testing Consortium (PPTC)","The Pediatric Preclinical Testing Consortium (PPTC) is addressing the unmet need of streamlining the development of new therapies for childhood cancers. The PPTC seeks to develop robust biomarkers of anticancer  drug activity, and the majority of these are predicted to be genetic mutations that can be detected in tumor DNA and/or RNA. In order to design","Not Applicable","Leukemia, Lymphoid","Xenograft","Not Provided","RNA-Seq, WXS","4 phenotype datasets, 33 variables, 300 samples sequenced, 267 subjects, 301 samples","","NCI","GRU --- General Research Use","2024-03-14","2019-09-25","Neoplasms, Germ Cell and Embryonal; Sarcoma, Ewing; ASTROCYTOMA; Astrocytic Glioma; Astrocytic Gliomas; Astrocytic Neoplasm","NCI's Collection of Datasets for General Research Use (phs003014.v1.p1); NCI's Collection of Datasets for Pediatric and Adolescent and Young    Adults Research (phs003964.v2.p2)"
"phs003412.v1.p1","A Phase III Randomized Study of Nivolumab Plus Ipilimumab Versus    Nivolumab in Stage IV Squamous Cell Lung Cancer","Lung-MAP (S1400, NCT02785952) was a multicenter, open-label, phase III randomized clinical trial. The Lung-MAP-I substudy (S1400I) was conducted from December 2015 to April 2018, through the National Clinical Trials Network  and led by the SWOG Cancer Research Network. The trial compared nivolumab plus ipilimumab (nivo+ipi) with nivolumab monotherapy (nivo) in patients","Not Applicable","Carcinoma, Non-Small-Cell Lung","Interventional","Not Provided","Not Provided","2 phenotype datasets, 5 variables, 160 subjects, 731 samples","","NCI","GRU --- General Research Use","2024-01-11","2024-01-11","Carcinoma, Non Small Cell Lung; Carcinoma, Non-Small Cell Lung; Carcinomas, Non-Small-Cell Lung; Lung Carcinoma, Non-Small-Cell; Lung Carcinomas, Non-Small-Cell; NONSMALL CELL LUNG CANCER",""
"phs002430.v1.p1","Childhood Cancer Data Initiative (CCDI): Genomic Analysis in Pediatric    Malignancies","Pediatric solid tumors are highly heterogeneous, encompassing a large number of histotypes. The genomic landscape of these diseases is characterized by few single-nucleotide variants (SNVs) compared to adult cancers. In  contrast, many exhibit a high prevalence of structural or epigenetic changes that alter gene expression, underlining the need for comprehensive","Not Applicable","Pediatrics","Collection","Not Provided","Not Provided","2 phenotype datasets, 7 variables, 239 subjects, 500 samples","","NCI","GRU --- General Research Use","2023-12-27","2023-12-27","Rare Disease; Blastoma; CA; CA - Cancer; Cancer; MT","NCI's Collection of Datasets for Pediatric and Adolescent and Young    Adults Research (phs003964.v2.p2)"
"phs003155.v1.p1","TCGA WGS Variants Across 18 Cancer Types","Even though whole genome sequence (WGS) data has been generated and published in many studies, much of this information is not yet processed for use in down-stream analysis. This study's  aim is to provide 1342 WGS normal-tumor paired single nucleotide variations (SNP) over 18 different cancer types provided by The Cancer Genome Atlas","Not Applicable","Polymorphism, Genetic","Tumor vs. Matched-Normal","Not Provided","Not Provided","2 phenotype datasets, 5 variables, 1342 subjects, 2684 samples","","NCI","GRU --- General Research Use","2023-09-15","2023-09-15","Not Provided",""
"phs002637.v1.p1","CIDR: The Role of Rare Coding Variation in Prostate Cancer in Men of    African Ancestry - RESPOND Project 2","In RESPOND Project 2, we seek to identify rare genetic factors that are associated with prostate cancer (PCa) risk and aggressiveness in men of African ancestry (AA). We will conduct  exome sequencing of 15,000 prostate cancer cases and 5,000 controls from the RESPOND cohort and the African Ancestry Prostate Cancer Consortium (AAPC","Not Applicable","Prostatic Neoplasms","Case-Control","WES_markerset_grc37","SNP/CNV Genotypes (NGS), WXS","4 phenotype datasets, 45 variables, 1 documents, 1 molecular datasets, 12155 samples sequenced, 12049 subjects, 12171 samples","","NCI","GRU --- General Research Use, DS-PC-PUB-MDS --- Disease-Specific (Prostate Cancer, PUB, MDS), DS-PC-MDS --- Disease-Specific (Prostate Cancer, MDS), DS-CHDSAD-MDS --- Disease-Specific (Cancer, Heart Disease, Stroke, Alzheimer Disease, and Diabetes, MDS), DS-PC --- Disease-Specific (Prostate Cancer), HMB --- Health/Medical/Biomedical, DS-CA-IRB --- Disease-Specific (Cancer, IRB), DS-UC-MDS --- Disease-Specific (Urinary Conditions, MDS), DS-CA-PUB --- Disease-Specific (Cancer, PUB), HMB-PUB --- Health/Medical/Biomedical (PUB)","2023-06-14","2023-06-14","NGP - New growth of prostate; Neoplasm of Prostate; Neoplasm of the Prostate; Neoplasm, Prostate; Neoplasm, Prostatic; Neoplasms, Prostate",""
"phs001410.v2.p2","Kids First: Pediatric Research Project on Adolescent Idiopathic Scoliosis","Both childhood cancers and structural birth defects are critical and costly conditions associated with substantial morbidity and mortality. Elucidating the underlying genetic etiology of these diseases has the potential to  profoundly improve preventative measures, diagnostics, and therapeutic interventions. For the current study, families with inherited adolescent","Not Applicable","Scoliosis","Prospective Longitudinal Cohort","Not Provided","Not Provided","5 phenotype datasets, 21 variables, 598 subjects, 598 samples","","NCI","HMB --- Health/Medical/Biomedical, DS-MUS-SKEL-IRB --- Disease-Specific (Musculoskeletal Diseases, IRB)","2023-03-29","2018-10-12","Cobb angle greater than ten degrees; Scolioses; Scoliosis,","NCI's Collection of Datasets for Health, Medical, and Biomedical Research    Purposes (phs003044.v1.p1)"
"phs003111.v1.p1","Childhood Cancer Data Initiative (CCDI): Clonal Evolution During    Metastatic Spread in High-Risk Neuroblastoma","The goal of this study is to deliver a detailed characterization of the patterns of disease dissemination at diagnosis, during progression and in response to therapy in high-risk neuroblastoma. Longitudinal  and spatially distinct tumors were collected from patients. Clinical data includes diagnosis and treatment information. Biospecimen data includes","Not Applicable","Rare Diseases","Tumor vs. Matched-Normal","Not Provided","RNA-Seq, WGS","2 phenotype datasets, 7 variables, 195 samples sequenced, 129 subjects, 487 samples","","NCI","HMB --- Health/Medical/Biomedical","2023-02-28","2023-02-28","Rare Disease; Blastoma; CA; CA - Cancer; Cancer; MT","NCI's Collection of Datasets for Pediatric and Adolescent and Young    Adults Research (phs003964.v2.p2)"
"phs002432.v1.p1","Wistar PDX Development and Trial Center","Overall the outcomes of patients with metastatic melanoma have improved dramatically over the last decade due to an improved understanding of the molecular drivers of this disease. In particular, multiple  targeted therapy regimens have been approved for patients with a BRAFV600E/K mutation, which are present in 50% of cutaneous melanomas.","Not Applicable","Melanoma","Case Set","Not Provided","Not Provided","4 phenotype datasets, 21 variables, 46 subjects, 185 samples","","NCI","GRU-COL --- General Research Use (COL)","2022-12-21","2022-12-21","Skin Neoplasms; Cancer of skin pigment cells; MM - malignant melanoma; Malignant Melanoma; Malignant Melanomas; Melanoma, Malignant",""
"phs002479.v1.p1","HCI-PDX Trial Center for Breast Cancer Therapy","The HCI-PDX Trial Center for Breast Cancer Therapy study is a collection of patient-tumor samples that are serially established as patient-derived tumor xenografts (human tumor in mouse) and matching organoids.  For this study, we describe valuable methods and resources to generate organoids and use them as cost-effective models for precision drug screens.","Not Applicable","Breast Neoplasms","Xenograft","RNAseq_probe_set_grc38, WES_markerset_grc38, Affymetrix_WG_Array, HumanOmni2.5-8","CNV Genotypes, RNA-Seq, SNV (.MAF), RNA Seq (NGS), WXS","4 phenotype datasets, 35 variables, 1 molecular datasets, 152 samples sequenced, 37 subjects, 227 samples","","NCI","GRU --- General Research Use","2022-12-15","2022-12-15","Breast Cancer; Breast Malignant Neoplasm; Breast Malignant Neoplasms; Breast Malignant Tumor; Breast Malignant Tumors; Cancer breast",""
"phs002518.v1.p1","Childhood Cancer Data Initiative (CCDI): OncoKids - NGS Panel for    Pediatric Malignancies","This study aimed to systematically collect clinical, registry and genomic data on pediatric cancer patients, and to contribute to the CCDI Pediatric Data Ecosystem. Clinical, treatment and outcome data on  1,039 pediatric cancer patients whose molecular profile was characterized on OncoKids gene panel at Children's Hospital Los Angeles was abstracted","Not Applicable","Neoplasms","Clinical Genetic Testing","Not Provided","AMPLICON","2 phenotype datasets, 5 variables, 2246 samples sequenced, 1039 subjects, 2246 samples","","NCI","GRU --- General Research Use","2022-12-07","2022-12-07","Blastoma; CA; CA - Cancer; Cancer; MT; Malignancies","NCI's Collection of Datasets for Pediatric and Adolescent and Young    Adults Research (phs003964.v2.p2)"
"phs001859.v1.p1","Genomic Characterization CS-MATCH-0007 Arm Z1D","The CS-MATCH-0007 protocol is a collaboration between the Center for Cancer Genomics (CCG) and the Division of Cancer Treatment and Diagnosis (DCTD) to perform whole-exome sequencing and RNA sequencing using  pre-and posttreatment tumor biopsy specimens from all patients enrolled on a treatment arm of the NCI-MATCH Clinical Trial (EAY131). The goal","Not Applicable","Neoplasms","Clinical Trial","Not Provided","Not Provided","3 phenotype datasets, 387 variables,  SRA, 36 subjects, 36 samples","","NCI","GRU-COL --- General Research Use (COL)","2022-10-17","2022-10-17","Turcot syndrome; Blastoma; CA; CA - Cancer; Cancer; MT",""
"phs001554.v2.p1","Detection of Colorectal Cancer Susceptibility Loci Using Genome-Wide    Sequencing","The Genetics and Epidemiology of Colorectal Cancer Consortium (GECCO) is a collaborative effort comprised of a coordinating center and scientific researchers from well-characterized cohort and case-control studies. This international consortium  aims to accelerate the discovery of common and rare genetic risk variants for colorectal cancer by conducting large-scale meta-analyses of existing","Not Applicable","Colorectal Neoplasms","Case-Control","WGS_markerset_grc37","SNP/CNV Genotypes (NGS), WGS","4 phenotype datasets, 22 variables, 1 molecular datasets, 2892 samples sequenced, 2892 subjects, 2892 samples","","NCI","GRU --- General Research Use, HMB-IRB --- Health/Medical/Biomedical (IRB), HMB-IRB-NPU --- Health/Medical/Biomedical (IRB, NPU), DS-CC-NPU-GSO --- Disease-Specific (Colorectal Cancer, NPU, GSO), CADM --- Cancer in all age groups, other diseases in adults only, and methods","2022-09-19","2018-08-06","CRC; Cancer of Large Bowel; Cancer of Large Intestine; Cancer of the Large Bowel; Cancer of the Large Intestine; Cancer, Colorectal",""
"phs002250.v1.p1","CIDR: Discovery, Biology, and Risk of Inherited Variants in Glioma","This is a gliogene brain tumor family study. This study includes glioma cases with a family history of glioma in a first, second, or third degree relative.&#x000a0; Inclusion criteria: Glioma  cases with a reported family history of glioma Note for data in CDS: The raw sequencing files for this study are available via the NCI Cancer Data","Not Applicable","Glioma","Family/Twin/Trios","WGS_markerset_grc37","SNP/CNV Genotypes (NGS), WGS","5 phenotype datasets, 21 variables, 1 molecular datasets, 146 samples sequenced, 151 subjects, 146 samples","European (139), East Asian (2), African American (1), Hispanic1 (1), Hispanic2 (1), South Asian (1), Other (1)","NCI","GRU --- General Research Use","2022-07-22","2022-07-22","Glial Cell Tumor; Glial Cell Tumors; Glial Neoplasm; Glial Tumor; Neoplasm of Neuroglia; Neoplasm of the Neuroglia","NCI's Collection of Datasets for General Research Use (phs003014.v1.p1)"
"phs002599.v1.p1","NCI CCSG CCDI Supplement Additional Genomic Submission","The implementation of targeted therapies for acute myeloid leukaemia (AML) has been challenging because of the complex mutational patterns within and across patients as well as a dearth of pharmacologic  agents for most mutational events. This supplement data from the Beat AML program provides Adolescent and Young Adult (AYA) and pediatric tumor","Not Applicable","Leukemia, Myeloid, Acute","Case Set","Not Provided","RNA-Seq, Targeted-Capture, WXS","3 phenotype datasets, 7 variables, 152 samples sequenced, 104 subjects, 203 samples","","NCI","GRU --- General Research Use","2022-06-09","2022-06-09","AML; AML - Acute Myeloid Leukemia; AML - Acute myeloblastic leukemia; AML - acute myeloid leukaemia; AML adult; ANLL","NCI's Collection of Datasets for General Research Use (phs003014.v1.p1)"
"phs002305.v1.p1","Washington University PDX Development and Trial Center","This data set is a collection of patient specimens from common and rare cancers that have been developed into patient-derived xenograft (PDX) models at the Washington University PDX Development and  Trial Center (WU-PDTC). The goal of the PDTC is to develop and characterize PDX models, gaining insight into tumor biology, and validating biomarkers","Not Applicable","Neoplasms","Tumor vs. Matched-Normal","Not Provided","Not Provided","4 phenotype datasets, 27 variables, 127 subjects, 495 samples","","NCI","GRU --- General Research Use, DS-SARC --- Disease-Specific (Sarcoma)","2022-05-26","2022-05-26","Bone Neoplasms; Gastrointestinal Neoplasms; Kidney Neoplasms; Lung Neoplasms; Rectal Neoplasms; Soft Tissue Neoplasms","NCI's Collection of Datasets for General Research Use (phs003014.v1.p1)"
"phs002620.v1.p1","Feasibility and Clinical Utility of Whole Genome Profiling in Pediatric    and Young Adult Cancers","Comprehensive Whole Genome Sequencing and Whole Transcriptome (RNASeq) analyses from 114 pediatric patients at Memorial Sloan Kettering. This dataset was used as a prospective clinical utility and feasibility study. By  using our Isabl infrastructure for precision medicine, we developed a 2-week end-to-end pipeline to analyze cfDNA, WGS and WTS, which we refer","Not Applicable","Neoplasms","Prospective Longitudinal Cohort","Not Provided","RNA-Seq, WGS","3 phenotype datasets, 14 variables, 326 samples sequenced, 114 subjects, 326 samples","","NCI","GRU --- General Research Use","2022-05-02","2022-05-02","Blastoma; CA; CA - Cancer; Cancer; MT; Malignancies","NCI's Collection of Datasets for General Research Use (phs003014.v1.p1); NCI's Collection of Datasets for Pediatric and Adolescent and Young    Adults Research (phs003964.v2.p2)"
"phs001980.v2.p1","University of Texas PDX Development and Trial Center Grant","The goal for the University Texas PDX Development and Trial Center (UTPDTC) is to optimize personalized biomarker-based cancer therapy and identify effective targeted drugs based on the molecular characteristics of  each tumor. Our short-term goals are to establish a biobank of clinically, and molecularly-annotated Patient-Derived Xenografts (PDXs) and to use","Not Applicable","Lung Neoplasms","Prospective Longitudinal Cohort","Not Provided","RNA-Seq, WXS","4 phenotype datasets, 28 variables, 77 samples sequenced, 36 subjects, 77 samples","","NCI","DS-LC-COL --- Disease-Specific (Lung Cancer, COL)","2022-04-01","2021-02-11","Carcinoma, Non Small Cell Lung; Carcinoma, Non-Small Cell Lung; Carcinoma, Non-Small-Cell Lung; Carcinomas, Non-Small-Cell Lung; Lung Carcinoma, Non-Small-Cell; Lung Carcinomas, Non-Small-Cell",""
"phs002050.v2.p1","OICR: Molecular Pathological Epidemiology of Colorectal Cancer","Colorectal cancer, the second most commonly diagnosed cancer, is a biologically heterogeneous disease. To characterize the molecular attributes of colorectal tumors, we conducted targeted sequencing at the Ontario Cancer Research  Institution (OICR) of tumor and matched normal DNA samples from 2,542 colorectal cancer cases in the Genetics and Epidemiology of Colorectal Cancer","Not Applicable","Colorectal Neoplasms","Case Set","target_markerset_grc38","SNP Genotypes (NGS), WXS","4 phenotype datasets, 29 variables, 1 molecular datasets, 5056 samples sequenced, 2528 subjects, 5056 samples","","NCI","HMB-IRB-COL --- Health/Medical/Biomedical (IRB, COL), GRU --- General Research Use, HMB-IRB --- Health/Medical/Biomedical (IRB), HMB-IRB-NPU --- Health/Medical/Biomedical (IRB, NPU), DS-CC-NPU-GSO --- Disease-Specific (Colorectal Cancer, NPU, GSO), DS-CC-MDS --- Disease-Specific (Colorectal Cancer, MDS)","2022-01-12","2021-01-15","CRC; Cancer of Large Bowel; Cancer of Large Intestine; Cancer of the Large Bowel; Cancer of the Large Intestine; Cancer, Colorectal","NCI's Collection of Datasets for General Research Use (phs003014.v1.p1)"
"phs001785.v1.p1","Gabriella Miller Kids First Pediatric Research Program for Infantile    Hemangiomas Associated with Multi-Organ Structural Birth Defects","Infantile hemangiomas are the most common benign vascular tumor in infants, affecting 4-5% of children. Thirty percent of segmental infantile hemangiomas on the face and scalp are associated with birth  defects of multiple organs. This condition is known as PHACE, an acronym for posterior fossa brain malformations, segmental facial hemangiomas","Not Applicable","Hemangioma","Family/Twin/Trios","Not Provided","Not Provided","2 phenotype datasets, 4 variables,  SRA, 274 subjects, 274 samples","","NCI","HMB --- Health/Medical/Biomedical, DS-PHACE --- Disease-Specific (PHACE Syndrome)","2021-08-17","2021-08-17","Abnormality of cardiac morphology; Abnormality of the heart; Abnormality, Heart; Abnormally shaped heart; Cardiac abnormalities; Cardiac abnormality","NCI's Collection of Datasets for Health, Medical, and Biomedical Research    Purposes (phs003044.v1.p1)"
"phs001819.v2.p1","Whole Genome Sequencing to Discover Familial Myeloma Risk Genes","We identified germline KDM1A truncating mutations in patients with multiple myeloma (MM), and loss of heterozygosity (LOH) in tumors. KDM1A mutation burden is higher in sporadic MM patients than in  controls, and mRNA levels are lower in MM compared with normal plasma cells. KDM1A pharmacological inhibition in vitro promotes myeloma cell","Not Applicable","Multiple Myeloma","Case Set","WES_markerset_grc37","SNP Genotypes (NGS)","4 phenotype datasets, 15 variables, 1 molecular datasets, 39 subjects, 39 samples","","NCI","GRU --- General Research Use, DS-CA-MDS --- Disease-Specific (Cancer, MDS)","2021-03-31","2019-12-13","Al amyloidosis; Cell Myeloma, Plasma; Cell Myelomas, Plasma; Disease, Kahler; Familial Myeloma; Kahler Disease","NCI's Collection of Datasets for General Research Use (phs003014.v1.p1); NCI's Collection of Studies for General Cancer Research (phs003967.v1.p1)"
"phs001787.v1.p1","Discovery of Colorectal Cancer Susceptibility Genes in High-Risk Families","Colorectal cancer remains one of the most common cancers in the US with 146,970 new diagnoses and 49,920 deaths estimated for 2009. Colon cancer is also one of the most  familial of cancers. Individuals with a first-degree relative with colon cancer have a 2- to 3-fold increased risk, and those with more than one","Not Applicable","Colorectal Neoplasms, Hereditary Nonpolyposis","Case Set","HumanOmniExpressExome-8","SNP Genotypes (Array), WXS","4 phenotype datasets, 17 variables, 1 molecular datasets, 159 samples sequenced,  SRA, 51 subjects, 206 samples","","NCI","DS-CA-MDS --- Disease-Specific (Cancer, MDS)","2020-12-22","2020-12-22","Familial Nonpolyposis Colon Cancer","NCI's Collection of Studies for General Cancer Research (phs003967.v1.p1)"
"phs001846.v1.p1","Kids First: The Intersection of Childhood Cancer and Birth Defects","Birth defects and childhood cancer share biological pathways that are important for cell growth and division. We propose that sequencing pediatric patients suffering both conditions will allow us to discover  the underlying genes and in turn advance our understanding of the causes of these devastating diseases. 1806 samples were selected for whole genome","Not Applicable","Neoplasms","Family/Twin/Trios","Not Provided","Not Provided","2 phenotype datasets, 4 variables,  SRA, 1805 subjects, 1805 samples","","NCI","GRU --- General Research Use","2020-12-21","2020-12-21","Congenital Abnormalities; Abnormalities, Congenital; Abnormality, Congenital; Birth Defect; Birth Defects; CM - Congenital malformation","NCI's Collection of Datasets for General Research Use (phs003014.v1.p1); NCI's Collection of Datasets for Pediatric and Adolescent and Young    Adults Research (phs003964.v2.p2)"
"phs002130.v1.p1","Gabriella Miller Kids First Pediatric Research Program in Craniofacial    Microsomia","Craniofacial microsomia (CFM), also termed hemifacial microsomia or oculo-auricular-vertebral spectrum, is the third most common congenital craniofacial condition. CFM comprises a variable phenotype and the most common features include malformations  of the ear (i.e. microtia) and lower jaw (i.e. mandibular hypoplasia) on one or both sides. Microtia in the absence of other anomalies is believed","Not Applicable","Goldenhar Syndrome","Family/Twin/Trios","Not Provided","Not Provided","2 phenotype datasets, 4 variables, 278 subjects, 278 samples","","NCI","DS-CFD --- Disease-Specific (Craniofacial Disorders)","2020-11-13","2020-11-13","Congenital Microtia; Hemifacial Microsomia; Microtia-Anotia; Bilateral microtia; Hypoplasia of the external ear; Hypoplastic ears",""
"phs001714.v1.p1","Gabriella Miller Kids First Pediatric Research Program: An Integrated    Clinical and Genomic Analysis of Treatment Failure in Pediatric    Osteosarcoma","Although the survival of children with relapsed osteosarcoma is very poor, little is known about the etiology of treatment failure in this disease. The purpose of this project is to  perform whole genome sequencing on serial samples from patients with osteosarcoma obtained before treatment, after treatment","Not Applicable","Osteosarcoma","Tumor vs. Matched-Normal","Not Provided","Not Provided","2 phenotype datasets, 4 variables,  SRA, 84 subjects, 311 samples","","NCI","GRU --- General Research Use","2020-08-14","2020-08-14","Bone cell cancer; OSRC; OSTEOSARCOMA; Osteoblastic osteosarcoma; Osteoblastic sarcoma; Osteochondrosarcoma","NCI's Collection of Datasets for General Research Use (phs003014.v1.p1); NCI's Collection of Datasets for Pediatric and Adolescent and Young    Adults Research (phs003964.v2.p2)"
"phs001738.v1.p1","Kids First Pediatric Research Study in Familial Predisposition to    Hematopoietic Malignancies (SJFAMILY-HM)","Acute lymphoblastic leukemia (ALL) is the commonest childhood tumor and a leading cause of cancer death in children, adolescents and young adults. Hodgkin and non-Hodgkin lymphoma are also important hematologic  malignancies (HM) that occur in children. Each are genetic diseases with growing evidence for a germline predisposition of both familial and sporadic","Not Applicable","Precursor Cell Lymphoblastic Leukemia-Lymphoma","Prospective Longitudinal Cohort","Not Provided","Not Provided","2 phenotype datasets, 5 variables,  SRA, 366 subjects, 373 samples","","NCI","GRU --- General Research Use","2020-06-18","2020-06-18","Hodgkin Disease; Lymphoma, Non-Hodgkin; CHL; Classic Hodgkin disease; Disease, Hodgkin; Disease, Hodgkin's","NCI's Collection of Datasets for General Research Use (phs003014.v1.p1); NCI's Collection of Datasets for Pediatric and Adolescent and Young    Adults Research (phs003964.v2.p2)"
"phs001997.v1.p1","Kids First: Genomics of African and Asian Orofacial Clefts Triads","The focus of this study is to identify novel risk variants for OFC in Africa and Asian OFC case-parent triads through analysis of Whole Genome Sequencing data. About 300 Case-parent  trio samples were selected for this whole genome sequencing as part of the Gabriella Miller Kids First Orofacial Clefts Projects. Samples","Not Applicable","Cleft Lip","Prospective Longitudinal Cohort","Not Provided","Not Provided","2 phenotype datasets, 6 variables,  SRA, 791 subjects, 791 samples","","NCI","DS-OC-PUB-MDS --- Disease-Specific (Oral Clefts, PUB, MDS), GRU --- General Research Use","2020-05-22","2020-05-22","Cleft Palate; CL - Cleft lip; Cheiloschisis; Cheiloschisis of upper lip; Cleft Lips; Cleft of upper lip","NCI's Collection of Datasets for General Research Use (phs003014.v1.p1)"
"phs002012.v1.p1","SEER Remote Access Pilot Test Data (2018)","This is a limited use Surveillance, Epidemiology, and End Results (SEER) file for use in a pilot test of remote data access. The SEER Program of the National Cancer Institute  (NCI) is an authoritative source of information on cancer incidence and survival in the United States. SEER currently collects and publishes cancer","Not Applicable","SEER Program","Methods","Not Provided","Not Provided","Not Provided","","NCI","GRU --- General Research Use","2020-05-05","","Not Provided","NCI's Collection of Datasets for General Research Use (phs003014.v1.p1)"
"phs002011.v1.p1","PLCO - Limited Use Pilot Test Data","This is a sample of Prostate, Lung, Colorectal, and Ovarian (PLCO) Cancer Screening Trial data for limited use in a pilot test for remote data access. The PLCO is a  randomized, controlled trial of screening tests for prostate, lung, colorectal and ovarian cancers. Approximately 155,000 participants were enrolled","Not Applicable","Early Detection of Cancer","Clinical Trial","Not Provided","Not Provided","Not Provided","","NCI","CADM --- Research relating to adults diseases and methods","2020-04-21","","Not Provided",""
"phs001713.v1.p1","LCCC 1108 (UNCseqTM)","The primary objective of this specimen correlative study was two-fold: to provide a mechanism for the association of known molecular alterations with clinical outcomes, and to provide rapid genetic profiling  of alterations with known clinical utility using tumor and germline specimens to support treatment decisions. Inclusion Criteria: 1.Current","Not Applicable","Neoplasms","Prospective Longitudinal Cohort","Not Provided","Targeted-Capture","4 phenotype datasets, 14 variables, 3558 samples sequenced,  SRA, 2074 subjects, 3558 samples","","NCI","GRU --- General Research Use","2019-12-26","2019-12-26","Blastoma; CA; CA - Cancer; Cancer; MT; Malignancies","dbGaP Collection: Compilation of Individual-Level Genomic Data for    General Research Use (phs000688.v1.p1); NCI's Collection of Datasets for General Research Use (phs003014.v1.p1)"
"phs001436.v1.p1","Discovering the Genetic Basis of Human Neuroblastoma: A Gabriella Miller    Kids First Pediatric Research Program (Kids First) Project","Children with disseminated neuroblastoma have a very high risk of treatment failure and death despite receiving intensified chemotherapy, radiation therapy and immunotherapy. The long-term goal of our research program is  to ultimately improve neuroblastoma cure rates by first comprehensively defining the genetic basis of the disease. The central hypothesis","Not Applicable","Neuroblastoma","Tumor vs. Matched-Normal","Not Provided","Not Provided","2 phenotype datasets, 6 variables,  SRA, 1694 subjects, 2281 samples","","NCI","GRU --- General Research Use","2019-09-25","2019-09-25","Not Provided","NCI's Collection of Datasets for General Research Use (phs003014.v1.p1); NCI's Collection of Datasets for Pediatric and Adolescent and Young    Adults Research (phs003964.v2.p2)"
"phs001168.v2.p2","Kids First: Genomic Studies of Orofacial Cleft Birth Defects","The Gabriella Miller Kids First Pediatric Research Program (Kids First) is a trans-NIH effort initiated in response to the 2014 Gabriella Miller Kids First Research Act and supported by the  NIH Common Fund. This program focuses on gene discovery in pediatric cancers and structural birth defects and the development of the Gabriella Miller","Not Applicable","Cleft Lip","Family/Twin/Trios","Not Provided","WGS","5 phenotype datasets, 23 variables, 1117 samples sequenced,  SRA, 1378 subjects, 1311 samples","","NCI","DS-OBDR-MDS --- Disease-Specific (Orofacial birth defects and related phenotypes, MDS), DS-OBD-MDS --- Disease-Specific (Orofacial birth defects, MDS), DS-OC-PUB-MDS --- Disease-Specific (Oral Clefts, PUB, MDS), HMB-MDS --- Health/Medical/Biomedical (MDS), GRU --- General Research Use","2019-04-05","2018-03-20","Cleft Palate; CL - Cleft lip; Cheiloschisis; Cheiloschisis of upper lip; Cleft Lips; Cleft of upper lip","NCI's Collection of Datasets for General Research Use (phs003014.v1.p1); NCI's Collection of Datasets for Health, Medical, and Biomedical Research    Purposes (phs003044.v1.p1)"
"phs001178.v1.p1","UCLA/Gabriella Miller Kids First Disorders of Sex Development Study","The Gabriella Miller Kids First Pediatric Research Program (Kids First) is a trans-NIH effort initiated in response to the 2014 Gabriella Miller Kids First Research Act and supported by the  NIH Common Fund. This program focuses on gene discovery in pediatric cancers and structural birth defects and the development of the Gabriella Miller","Not Applicable","Disorders of Sex Development","Family/Twin/Trios","WGS_markerset_grc37","SNP/CNV Genotypes (NGS), WGS","4 phenotype datasets, 20 variables, 1 molecular datasets, 300 samples sequenced,  SRA, 300 subjects, 300 samples","","NCI","GRU --- General Research Use","2019-03-19","2019-03-19","46, XX Testicular Disorders of Sex Development; Hypospadias; Mullerian aplasia; Omphalocele Exstrophy Imperforate Anus; Ovotesticular Disorders of Sex Development; Sex Chromosome Disorders of Sex Development","NCI's Collection of Datasets for General Research Use (phs003014.v1.p1)"
"phs001247.v1.p1","GMKF: Kids First Pediatric Research Program on Congenital Cranial    Dysinnervation Disorders and Related Birth Defects","Goals of this ongoing study are to identify novel ""congenital cranial dysinnervation disorder"" (CCDD) genes and define the role of the wildtype and mutant genes in normal and aberrant development.  The umbrella term (CCDD) refers to congenital birth defects with malformation of one or more cranial nerves, typically resulting in limitations","Not Applicable","Cranial Nerve Diseases","Family/Twin/Trios","WGS_markerset_grc37","SNP/CNV Genotypes (NGS), WGS","6 phenotype datasets, 41 variables, 1 molecular datasets, 899 samples sequenced,  SRA, 899 subjects, 899 samples","","NCI","DS-EMD --- Disease-Specific (Eye Movement Disorders), DS-ELMD --- Disease-Specific (Eye and Lid Movement Disorders), DS-CCDD-RD --- Disease-Specific (Congenital Cranial Dysinnervation Disorders, RD)","2018-08-24","2018-08-24","Abducens Nerve Diseases; Facial Nerve Diseases; Oculomotor Nerve Diseases; Trochlear Nerve Diseases; Abducens Nerve Disease; Abducens nerve weakness",""
"phs004217.v1.p1","HINTS Geo-Coded Data 2018 (HINTS 5 Cycle 2)","The Health Information National Trends Survey (HINTS) is a nationally representative survey which has been administered every few years by the National Cancer Institute since 2003. HINTS 5 includes four  mail-mode data collection cycles over the course of four years. The second round of data collection for HINTS 5 (Cycle 2) was conducted from January","Not Applicable","Health Communication","Cross-Sectional","Not Provided","Not Provided","1 phenotype datasets, 2 variables, 3504 subjects","","NCI","GRU --- General Research Use","2026-03-11","","Blastoma; CA; CA - Cancer; Cancer; MT; Malignancies",""
"phs004216.v1.p1","HINTS Geo-Coded Data 2019 (HINTS 5 Cycle 3)","The Health Information National Trends Survey (HINTS) is a nationally representative survey which has been administered every few years by the National Cancer Institute since 2003. HINTS 5 includes four  mail-mode data collection cycles over the course of four years. The third round of data collection for HINTS 5 (Cycle 3) was conducted from January","Not Applicable","Health Communication","Cross-Sectional","Not Provided","Not Provided","1 phenotype datasets, 2 variables, 5438 subjects","","NCI","GRU --- General Research Use","2026-03-11","","Blastoma; CA; CA - Cancer; Cancer; MT; Malignancies",""
"phs004215.v1.p1","HINTS Data Linkage Project 2020","The HINTS Data Linkage Project 2020 (HDLP) contains HINTS 5 Cycle 4 data (2020; n 3,865) merged with several external variables to support analyzing linked data to enhance the types  of analyses and corresponding research questions that can be answered with HINTS data. The linking was done at the county level using restricted","Not Applicable","Health Communication","Cross-Sectional","Not Provided","Not Provided","1 phenotype datasets, 2 variables, 3865 subjects","","NCI","GRU --- General Research Use","2026-03-11","","Blastoma; CA; CA - Cancer; Cancer; MT; Malignancies",""
"phs004214.v1.p1","HINTS Data Linkage Project 2022","The HINTS Data Linkage Project 2022 (HDLP 2022) contains HINTS 6 (2022; n 6,252) data merged with numerous external variables to support analyzing linked data to enhance the types of  analyses and corresponding research questions that can be answered with HINTS data. The linking was done at both the census tract and county level","Not Applicable","Health Communication","Cross-Sectional","Not Provided","Not Provided","1 phenotype datasets, 2 variables, 6252 subjects","","NCI","GRU --- General Research Use","2026-03-11","","Blastoma; CA; CA - Cancer; Cancer; MT; Malignancies",""
